id;nom;description;date_debut;date_fin;nombre_participant
1;transitional Intelligent Lake;Extended Kentucky generating;2021-05-02;2021-05-02;38251
2;Cambridgeshire calculate Associate;Auto Loan Account Democratic People's Republic of Korea;2021-05-01;2021-05-02;3197
3;Borders;Rustic Plastic Pants Executive Small;2021-05-02;2021-05-02;4030
4;Research;Lights Guarani;2021-05-02;2021-05-02;66645
5;partnerships Ergonomic;Unbranded Plastic Salad Executive;2021-05-01;2021-05-02;26998
6;Pound Sterling;Shoes deploy invoice;2021-05-01;2021-05-01;351
7;program SQL whiteboard;Money Market Account Internal;2021-05-01;2021-05-02;73413
8;optimize;New Zealand Dollar EXE;2021-05-01;2021-05-01;36507
9;Borders Money Market Account asynchronous;connect digital Architect;2021-05-02;2021-05-02;72914
10;Orchestrator;Island Avon Optimization;2021-05-02;2021-05-02;837
